path;age
Belfast/Barbara/barb01.xml;28
Belfast/David/david01.xml;24
Belfast/David/david02.xml;24
Belfast/David/david03.xml;25
Belfast/David/david04.xml;25
Belfast/David/david05.xml;26
Belfast/Michelle/mich02.xml;28
Belfast/Rachel/rachel1.xml;29
Cruttenden/Jane/jane08.xml;24
Cruttenden/Jane/jane09.xml;25
Cruttenden/Jane/jane10.xml;27
Cruttenden/Jane/jane11.xml;28
Cruttenden/Jane/jane12.xml;28
Cruttenden/Jane/jane13.xml;28
Cruttenden/Lucy/lucy08.xml;24
Cruttenden/Lucy/lucy09.xml;25
Cruttenden/Lucy/lucy10.xml;27
Cruttenden/Lucy/lucy11.xml;28
Cruttenden/Lucy/lucy12.xml;28
Cruttenden/Lucy/lucy13.xml;28
Cruttenden/Lucy/lucy14.xml;29
Manchester/anne/anne07a.xml;24
Manchester/anne/anne07b.xml;24
Manchester/anne/anne08a.xml;24
Manchester/anne/anne08b.xml;24
Manchester/anne/anne09a.xml;24
Manchester/anne/anne09b.xml;24
Manchester/anne/anne10a.xml;25
Manchester/anne/anne10b.xml;25
Manchester/anne/anne11a.xml;25
Manchester/anne/anne11b.xml;25
Manchester/anne/anne12a.xml;25
Manchester/anne/anne12b.xml;25
Manchester/anne/anne13a.xml;26
Manchester/anne/anne13b.xml;26
Manchester/anne/anne14a.xml;26
Manchester/anne/anne14b.xml;26
Manchester/anne/anne15a.xml;27
Manchester/anne/anne15b.xml;27
Manchester/anne/anne16a.xml;27
Manchester/anne/anne16b.xml;27
Manchester/anne/anne17a.xml;27
Manchester/anne/anne17b.xml;27
Manchester/anne/anne18a.xml;28
Manchester/anne/anne18b.xml;28
Manchester/anne/anne19a.xml;28
Manchester/anne/anne19b.xml;28
Manchester/anne/anne20a.xml;28
Manchester/anne/anne20b.xml;28
Manchester/anne/anne21a.xml;29
Manchester/anne/anne21b.xml;29
Manchester/anne/anne22a.xml;29
Manchester/anne/anne22b.xml;29
Manchester/anne/anne23a.xml;29
Manchester/anne/anne23b.xml;29
Manchester/aran/aran03a.xml;24
Manchester/aran/aran03b.xml;24
Manchester/aran/aran04a.xml;24
Manchester/aran/aran04b.xml;24
Manchester/aran/aran05a.xml;25
Manchester/aran/aran05b.xml;25
Manchester/aran/aran06a.xml;25
Manchester/aran/aran06b.xml;25
Manchester/aran/aran07a.xml;25
Manchester/aran/aran07b.xml;25
Manchester/aran/aran08a.xml;25
Manchester/aran/aran08b.xml;25
Manchester/aran/aran09a.xml;26
Manchester/aran/aran09b.xml;26
Manchester/aran/aran10a.xml;26
Manchester/aran/aran10b.xml;26
Manchester/aran/aran11a.xml;26
Manchester/aran/aran11b.xml;26
Manchester/aran/aran12a.xml;27
Manchester/aran/aran12b.xml;27
Manchester/aran/aran13a.xml;27
Manchester/aran/aran13b.xml;27
Manchester/aran/aran15a.xml;28
Manchester/aran/aran15b.xml;28
Manchester/aran/aran16a.xml;28
Manchester/aran/aran16b.xml;28
Manchester/aran/aran17a.xml;28
Manchester/aran/aran17b.xml;28
Manchester/aran/aran18a.xml;29
Manchester/aran/aran18b.xml;29
Manchester/aran/aran19a.xml;29
Manchester/aran/aran19b.xml;29
Manchester/aran/aran20a.xml;29
Manchester/aran/aran20b.xml;29
Manchester/becky/becky01a.xml;24
Manchester/becky/becky01b.xml;24
Manchester/becky/becky02a.xml;24
Manchester/becky/becky02b.xml;24
Manchester/becky/becky03a.xml;24
Manchester/becky/becky03b.xml;24
Manchester/becky/becky04a.xml;25
Manchester/becky/becky04b.xml;25
Manchester/becky/becky05a.xml;25
Manchester/becky/becky05b.xml;25
Manchester/becky/becky06a.xml;25
Manchester/becky/becky06b.xml;25
Manchester/becky/becky07a.xml;26
Manchester/becky/becky07b.xml;26
Manchester/becky/becky08a.xml;26
Manchester/becky/becky08b.xml;26
Manchester/becky/becky09a.xml;26
Manchester/becky/becky09b.xml;26
Manchester/becky/becky10a.xml;27
Manchester/becky/becky10b.xml;27
Manchester/becky/becky11a.xml;27
Manchester/becky/becky11b.xml;27
Manchester/becky/becky12a.xml;27
Manchester/becky/becky12b.xml;27
Manchester/becky/becky13a.xml;28
Manchester/becky/becky13b.xml;28
Manchester/becky/becky14a.xml;28
Manchester/becky/becky14b.xml;28
Manchester/becky/becky15a.xml;29
Manchester/becky/becky15b.xml;29
Manchester/becky/becky16a.xml;29
Manchester/becky/becky16b.xml;29
Manchester/becky/becky17a.xml;29
Manchester/becky/becky17b.xml;29
Manchester/carl/carl12a.xml;24
Manchester/carl/carl12b.xml;24
Manchester/carl/carl13a.xml;24
Manchester/carl/carl13b.xml;24
Manchester/carl/carl14a.xml;25
Manchester/carl/carl15a.xml;25
Manchester/carl/carl15b.xml;25
Manchester/carl/carl16a.xml;25
Manchester/carl/carl16b.xml;25
Manchester/carl/carl17a.xml;26
Manchester/carl/carl17b.xml;26
Manchester/carl/carl18a.xml;26
Manchester/carl/carl18b.xml;26
Manchester/carl/carl19a.xml;26
Manchester/carl/carl19b.xml;26
Manchester/carl/carl20a.xml;27
Manchester/carl/carl20b.xml;27
Manchester/carl/carl21a.xml;27
Manchester/carl/carl21b.xml;27
Manchester/carl/carl22a.xml;27
Manchester/carl/carl22b.xml;27
Manchester/carl/carl23a.xml;28
Manchester/carl/carl23b.xml;28
Manchester/carl/carl25a.xml;29
Manchester/carl/carl25b.xml;29
Manchester/carl/carl26a.xml;29
Manchester/carl/carl26b.xml;29
Manchester/carl/carl27a.xml;29
Manchester/carl/carl27b.xml;29
Manchester/carl/carl28a.xml;29
Manchester/carl/carl28b.xml;29
Manchester/domin/domin05a.xml;24
Manchester/domin/domin05b.xml;24
Manchester/domin/domin06a.xml;24
Manchester/domin/domin06b.xml;24
Manchester/domin/domin07a.xml;24
Manchester/domin/domin07b.xml;24
Manchester/domin/domin08a.xml;25
Manchester/domin/domin08b.xml;25
Manchester/domin/domin09a.xml;25
Manchester/domin/domin09b.xml;25
Manchester/domin/domin10a.xml;25
Manchester/domin/domin10b.xml;26
Manchester/domin/domin11a.xml;26
Manchester/domin/domin11b.xml;26
Manchester/domin/domin12a.xml;26
Manchester/domin/domin12b.xml;26
Manchester/domin/domin13a.xml;26
Manchester/domin/domin13b.xml;26
Manchester/domin/domin14a.xml;27
Manchester/domin/domin14b.xml;27
Manchester/domin/domin15a.xml;27
Manchester/domin/domin15b.xml;27
Manchester/domin/domin16a.xml;28
Manchester/domin/domin16b.xml;28
Manchester/domin/domin17a.xml;28
Manchester/domin/domin17b.xml;28
Manchester/domin/domin18a.xml;28
Manchester/domin/domin18b.xml;28
Manchester/domin/domin19a.xml;29
Manchester/domin/domin19b.xml;29
Manchester/domin/domin20a.xml;29
Manchester/domin/domin20b.xml;29
Manchester/domin/domin21a.xml;29
Manchester/domin/domin21b.xml;29
Manchester/domin/domin22a.xml;29
Manchester/domin/domin22b.xml;29
Manchester/gail/gail02a.xml;24
Manchester/gail/gail02b.xml;24
Manchester/gail/gail03a.xml;24
Manchester/gail/gail03b.xml;24
Manchester/gail/gail04a.xml;24
Manchester/gail/gail04b.xml;24
Manchester/gail/gail05a.xml;25
Manchester/gail/gail05b.xml;25
Manchester/gail/gail06a.xml;25
Manchester/gail/gail06b.xml;25
Manchester/gail/gail07a.xml;26
Manchester/gail/gail07b.xml;26
Manchester/gail/gail08a.xml;26
Manchester/gail/gail08b.xml;26
Manchester/gail/gail09a.xml;26
Manchester/gail/gail09b.xml;26
Manchester/gail/gail10a.xml;27
Manchester/gail/gail10b.xml;27
Manchester/gail/gail11a.xml;27
Manchester/gail/gail11b.xml;27
Manchester/gail/gail12a.xml;27
Manchester/gail/gail12b.xml;27
Manchester/gail/gail13a.xml;28
Manchester/gail/gail13b.xml;28
Manchester/gail/gail14a.xml;28
Manchester/gail/gail14b.xml;28
Manchester/gail/gail15a.xml;28
Manchester/gail/gail15b.xml;28
Manchester/gail/gail16a.xml;28
Manchester/gail/gail16b.xml;28
Manchester/gail/gail17a.xml;29
Manchester/gail/gail17b.xml;29
Manchester/gail/gail18a.xml;29
Manchester/gail/gail18b.xml;29
Manchester/joel/joel05a.xml;24
Manchester/joel/joel05b.xml;24
Manchester/joel/joel06a.xml;24
Manchester/joel/joel06b.xml;24
Manchester/joel/joel07a.xml;25
Manchester/joel/joel07b.xml;25
Manchester/joel/joel08a.xml;25
Manchester/joel/joel08b.xml;25
Manchester/joel/joel09a.xml;25
Manchester/joel/joel09b.xml;25
Manchester/joel/joel10a.xml;26
Manchester/joel/joel10b.xml;26
Manchester/joel/joel11a.xml;26
Manchester/joel/joel11b.xml;26
Manchester/joel/joel12a.xml;26
Manchester/joel/joel12b.xml;26
Manchester/joel/joel13a.xml;27
Manchester/joel/joel13b.xml;27
Manchester/joel/joel14a.xml;27
Manchester/joel/joel14b.xml;27
Manchester/joel/joel15a.xml;27
Manchester/joel/joel15b.xml;27
Manchester/joel/joel16a.xml;28
Manchester/joel/joel16b.xml;28
Manchester/joel/joel17a.xml;28
Manchester/joel/joel17b.xml;28
Manchester/joel/joel18a.xml;28
Manchester/joel/joel18b.xml;28
Manchester/joel/joel19a.xml;29
Manchester/joel/joel19b.xml;29
Manchester/joel/joel20a.xml;29
Manchester/joel/joel20b.xml;29
Manchester/john/john03a.xml;24
Manchester/john/john03b.xml;24
Manchester/john/john04a.xml;24
Manchester/john/john04b.xml;24
Manchester/john/john05a.xml;24
Manchester/john/john05b.xml;24
Manchester/john/john06a.xml;25
Manchester/john/john06b.xml;25
Manchester/john/john07a.xml;25
Manchester/john/john07b.xml;25
Manchester/john/john08a.xml;25
Manchester/john/john08b.xml;25
Manchester/john/john09a.xml;26
Manchester/john/john09b.xml;26
Manchester/john/john10a.xml;26
Manchester/john/john10b.xml;26
Manchester/john/john11a.xml;26
Manchester/john/john11b.xml;26
Manchester/john/john12a.xml;27
Manchester/john/john12b.xml;27
Manchester/john/john13a.xml;27
Manchester/john/john13b.xml;27
Manchester/john/john14a.xml;27
Manchester/john/john14b.xml;27
Manchester/john/john17a.xml;28
Manchester/john/john17b.xml;28
Manchester/john/john18a.xml;29
Manchester/john/john18b.xml;29
Manchester/john/john19a.xml;29
Manchester/john/john19b.xml;29
Manchester/john/john20a.xml;29
Manchester/john/john20b.xml;29
Manchester/liz/liz03a.xml;24
Manchester/liz/liz03b.xml;24
Manchester/liz/liz04a.xml;24
Manchester/liz/liz04b.xml;24
Manchester/liz/liz05a.xml;24
Manchester/liz/liz05b.xml;24
Manchester/liz/liz06a.xml;24
Manchester/liz/liz06b.xml;24
Manchester/liz/liz07a.xml;25
Manchester/liz/liz07b.xml;25
Manchester/liz/liz08a.xml;25
Manchester/liz/liz08b.xml;25
Manchester/liz/liz09a.xml;26
Manchester/liz/liz09b.xml;26
Manchester/liz/liz10a.xml;26
Manchester/liz/liz10b.xml;26
Manchester/liz/liz11a.xml;26
Manchester/liz/liz11b.xml;26
Manchester/liz/liz12a.xml;26
Manchester/liz/liz12b.xml;26
Manchester/liz/liz13a.xml;27
Manchester/liz/liz13b.xml;27
Manchester/liz/liz14a.xml;27
Manchester/liz/liz14b.xml;27
Manchester/liz/liz15a.xml;28
Manchester/liz/liz15b.xml;28
Manchester/liz/liz16a.xml;28
Manchester/liz/liz16b.xml;28
Manchester/liz/liz17a.xml;28
Manchester/liz/liz17b.xml;28
Manchester/liz/liz18a.xml;29
Manchester/liz/liz18b.xml;29
Manchester/liz/liz19a.xml;29
Manchester/liz/liz19b.xml;29
Manchester/liz/liz20a.xml;29
Manchester/liz/liz20b.xml;29
Manchester/nic/nic01a.xml;24
Manchester/nic/nic01b.xml;24
Manchester/nic/nic02a.xml;25
Manchester/nic/nic02b.xml;25
Manchester/nic/nic03a.xml;25
Manchester/nic/nic03b.xml;25
Manchester/nic/nic04a.xml;25
Manchester/nic/nic04b.xml;25
Manchester/nic/nic05a.xml;26
Manchester/nic/nic05b.xml;26
Manchester/nic/nic06a.xml;26
Manchester/nic/nic06b.xml;26
Manchester/nic/nic07a.xml;26
Manchester/nic/nic07b.xml;26
Manchester/nic/nic08a.xml;27
Manchester/nic/nic08b.xml;27
Manchester/nic/nic09a.xml;27
Manchester/nic/nic09b.xml;27
Manchester/nic/nic10a.xml;28
Manchester/nic/nic10b.xml;28
Manchester/nic/nic11a.xml;28
Manchester/nic/nic11b.xml;28
Manchester/nic/nic12a.xml;28
Manchester/nic/nic12b.xml;28
Manchester/nic/nic13a.xml;28
Manchester/nic/nic13b.xml;28
Manchester/nic/nic14a.xml;29
Manchester/nic/nic14b.xml;29
Manchester/nic/nic15a.xml;29
Manchester/nic/nic15b.xml;29
Manchester/ruth/ruth03a.xml;24
Manchester/ruth/ruth03b.xml;24
Manchester/ruth/ruth05a.xml;25
Manchester/ruth/ruth05b.xml;25
Manchester/ruth/ruth06a.xml;25
Manchester/ruth/ruth06b.xml;25
Manchester/ruth/ruth07a.xml;25
Manchester/ruth/ruth07b.xml;25
Manchester/ruth/ruth08a.xml;25
Manchester/ruth/ruth08b.xml;25
Manchester/ruth/ruth09a.xml;26
Manchester/ruth/ruth09b.xml;26
Manchester/ruth/ruth10a.xml;26
Manchester/ruth/ruth10b.xml;26
Manchester/ruth/ruth11a.xml;27
Manchester/ruth/ruth11b.xml;27
Manchester/ruth/ruth12a.xml;27
Manchester/ruth/ruth12b.xml;27
Manchester/ruth/ruth13a.xml;27
Manchester/ruth/ruth13b.xml;27
Manchester/ruth/ruth14a.xml;28
Manchester/ruth/ruth14b.xml;28
Manchester/ruth/ruth15a.xml;28
Manchester/ruth/ruth15b.xml;28
Manchester/ruth/ruth16a.xml;28
Manchester/ruth/ruth16b.xml;28
Manchester/ruth/ruth17a.xml;28
Manchester/ruth/ruth17b.xml;28
Manchester/ruth/ruth18a.xml;29
Manchester/ruth/ruth18b.xml;29
Manchester/ruth/ruth19a.xml;29
Manchester/ruth/ruth19b.xml;29
Manchester/ruth/ruth20a.xml;29
Manchester/ruth/ruth20b.xml;29
Manchester/warr/warr06a.xml;24
Manchester/warr/warr06b.xml;24
Manchester/warr/warr07a.xml;24
Manchester/warr/warr07b.xml;24
Manchester/warr/warr08a.xml;24
Manchester/warr/warr08b.xml;24
Manchester/warr/warr09a.xml;25
Manchester/warr/warr09b.xml;25
Manchester/warr/warr10a.xml;25
Manchester/warr/warr10b.xml;25
Manchester/warr/warr11a.xml;25
Manchester/warr/warr11b.xml;25
Manchester/warr/warr12a.xml;26
Manchester/warr/warr12b.xml;26
Manchester/warr/warr13a.xml;26
Manchester/warr/warr13b.xml;26
Manchester/warr/warr14a.xml;26
Manchester/warr/warr14b.xml;26
Manchester/warr/warr15a.xml;27
Manchester/warr/warr15b.xml;27
Manchester/warr/warr16a.xml;27
Manchester/warr/warr16b.xml;27
Manchester/warr/warr17a.xml;27
Manchester/warr/warr17b.xml;27
Manchester/warr/warr18a.xml;28
Manchester/warr/warr18b.xml;28
Manchester/warr/warr19a.xml;28
Manchester/warr/warr19b.xml;28
Manchester/warr/warr20a.xml;28
Manchester/warr/warr20b.xml;28
Manchester/warr/warr21a.xml;29
Manchester/warr/warr21b.xml;29
Manchester/warr/warr22a.xml;29
Manchester/warr/warr22b.xml;29
Manchester/warr/warr23a.xml;29
Manchester/warr/warr23b.xml;29
Tommerdahl/unknow/ECG1.xml;29
Tommerdahl/unknow/ECG2.xml;29
